<?xml version="1.0"?>
<opencv_storage>
<cascade>
  <stageType>BOOST</stageType>
  <featureType>HAAR</featureType>
  <height>24</height>
  <width>24</width>
  <stageParams>
    <boostType>GAB</boostType>
    <minHitRate>9.9500000476837158e-01</minHitRate>
    <maxFalseAlarm>5.0000000000000000e-01</maxFalseAlarm>
    <weightTrimRate>9.4999998807907104e-01</weightTrimRate>
    <maxDepth>1</maxDepth>
    <maxWeakCount>100</maxWeakCount></stageParams>
  <featureParams>
    <maxCatCount>0</maxCatCount>
    <featSize>1</featSize>
    <mode>BASIC</mode></featureParams>
  <stageNum>20</stageNum>
  <stages>
    <!-- stage 0 -->
    <_>
      <maxWeakCount>2</maxWeakCount>
      <stageThreshold>-2.6081880927085876e-01</stageThreshold>
      <weakClassifiers>
        <_>
          <internalNodes>
            0 -1 17 -2.2361008450388908e-03</internalNodes>
          <leafValues>
            6.6666668653488159e-01 -9.1304349899291992e-01</leafValues></_>
        <_>
          <internalNodes>
            0 -1 15 -2.2949087433516979e-03</internalNodes>
          <leafValues>
            6.5222465991973877e-01 -1.</leafValues></_></weakClassifiers></_>
    <!-- stage 1 -->
    <_>
      <maxWeakCount>2</maxWeakCount>
      <stageThreshold>1.5384615957736969e-01</stageThreshold>
      <weakClassifiers>
        <_>
          <internalNodes>
            0 -1 30 -1.1797418817877769e-02</internalNodes>
          <leafValues>
            1. -8.4615385532379150e-01</leafValues></_>
        <_>
          <internalNodes>
            0 -1 23 -1.1864321306347847e-02</internalNodes>
          <leafValues>
            1. -8.0639839172363281e-01</leafValues></_></weakClassifiers></_>
    <!-- stage 2 -->
    <_>
      <maxWeakCount>2</maxWeakCount>
      <stageThreshold>1.8544037640094757e-01</stageThreshold>
      <weakClassifiers>
        <_>
          <internalNodes>
            0 -1 0 7.0294111967086792e-02</internalNodes>
          <leafValues>
            -7.1428573131561279e-01 1.</leafValues></_>
        <_>
          <internalNodes>
            0 -1 24 -1.4499269425868988e-02</internalNodes>
          <leafValues>
            8.9972609281539917e-01 -7.6882874965667725e-01</leafValues></_></weakClassifiers></_>
    <!-- stage 3 -->
    <_>
      <maxWeakCount>2</maxWeakCount>
      <stageThreshold>-1.7949615418910980e-01</stageThreshold>
      <weakClassifiers>
        <_>
          <internalNodes>
            0 -1 2 -2.8988951817154884e-04</internalNodes>
          <leafValues>
            6.6666668653488159e-01 -9.1304349899291992e-01</leafValues></_>
        <_>
          <internalNodes>
            0 -1 14 -6.8952050060033798e-03</internalNodes>
          <leafValues>
            8.8535130023956299e-01 -8.4616279602050781e-01</leafValues></_></weakClassifiers></_>
    <!-- stage 4 -->
    <_>
      <maxWeakCount>1</maxWeakCount>
      <stageThreshold>8.3333331346511841e-01</stageThreshold>
      <weakClassifiers>
        <_>
          <internalNodes>
            0 -1 11 -1.2990130016987678e-05</internalNodes>
          <leafValues>
            8.3333331346511841e-01 -1.</leafValues></_></weakClassifiers></_>
    <!-- stage 5 -->
    <_>
      <maxWeakCount>1</maxWeakCount>
      <stageThreshold>8.3333331346511841e-01</stageThreshold>
      <weakClassifiers>
        <_>
          <internalNodes>
            0 -1 28 2.1351657778723165e-05</internalNodes>
          <leafValues>
            -1. 8.3333331346511841e-01</leafValues></_></weakClassifiers></_>
    <!-- stage 6 -->
    <_>
      <maxWeakCount>2</maxWeakCount>
      <stageThreshold>-1.0511066764593124e-01</stageThreshold>
      <weakClassifiers>
        <_>
          <internalNodes>
            0 -1 22 -2.9805424856022000e-04</internalNodes>
          <leafValues>
            8.1818181276321411e-01 -9.1666668653488159e-01</leafValues></_>
        <_>
          <internalNodes>
            0 -1 27 -4.6930537791922688e-04</internalNodes>
          <leafValues>
            8.8362741470336914e-01 -9.2329245805740356e-01</leafValues></_></weakClassifiers></_>
    <!-- stage 7 -->
    <_>
      <maxWeakCount>2</maxWeakCount>
      <stageThreshold>3.1905334442853928e-02</stageThreshold>
      <weakClassifiers>
        <_>
          <internalNodes>
            0 -1 20 5.8415532112121582e-04</internalNodes>
          <leafValues>
            -7.7777779102325439e-01 1.</leafValues></_>
        <_>
          <internalNodes>
            0 -1 34 -2.2544572129845619e-04</internalNodes>
          <leafValues>
            8.0968308448791504e-01 -8.6429029703140259e-01</leafValues></_></weakClassifiers></_>
    <!-- stage 8 -->
    <_>
      <maxWeakCount>2</maxWeakCount>
      <stageThreshold>-3.6869654059410095e-01</stageThreshold>
      <weakClassifiers>
        <_>
          <internalNodes>
            0 -1 13 3.8380100158974528e-04</internalNodes>
          <leafValues>
            5.3846156597137451e-01 -9.0909093618392944e-01</leafValues></_>
        <_>
          <internalNodes>
            0 -1 33 1.5862092841416597e-03</internalNodes>
          <leafValues>
            -9.0715807676315308e-01 6.5514951944351196e-01</leafValues></_></weakClassifiers></_>
    <!-- stage 9 -->
    <_>
      <maxWeakCount>2</maxWeakCount>
      <stageThreshold>4.1900616139173508e-02</stageThreshold>
      <weakClassifiers>
        <_>
          <internalNodes>
            0 -1 9 2.8515062294900417e-03</internalNodes>
          <leafValues>
            -8.4615385532379150e-01 1.</leafValues></_>
        <_>
          <internalNodes>
            0 -1 12 -3.6088940687477589e-03</internalNodes>
          <leafValues>
            8.8805449008941650e-01 -8.6123234033584595e-01</leafValues></_></weakClassifiers></_>
    <!-- stage 10 -->
    <_>
      <maxWeakCount>2</maxWeakCount>
      <stageThreshold>1.8544037640094757e-01</stageThreshold>
      <weakClassifiers>
        <_>
          <internalNodes>
            0 -1 29 4.4937961502000690e-04</internalNodes>
          <leafValues>
            -7.1428573131561279e-01 1.</leafValues></_>
        <_>
          <internalNodes>
            0 -1 26 2.1092761307954788e-02</internalNodes>
          <leafValues>
            -7.6882874965667725e-01 8.9972609281539917e-01</leafValues></_></weakClassifiers></_>
    <!-- stage 11 -->
    <_>
      <maxWeakCount>2</maxWeakCount>
      <stageThreshold>1.8151445686817169e-01</stageThreshold>
      <weakClassifiers>
        <_>
          <internalNodes>
            0 -1 5 3.5435706377029419e-02</internalNodes>
          <leafValues>
            -7.1428573131561279e-01 1.</leafValues></_>
        <_>
          <internalNodes>
            0 -1 1 6.2583565711975098e-02</internalNodes>
          <leafValues>
            -7.1915143728256226e-01 8.9580017328262329e-01</leafValues></_></weakClassifiers></_>
    <!-- stage 12 -->
    <_>
      <maxWeakCount>1</maxWeakCount>
      <stageThreshold>3.7500000000000000e-01</stageThreshold>
      <weakClassifiers>
        <_>
          <internalNodes>
            0 -1 21 -1.0765075683593750e-02</internalNodes>
          <leafValues>
            -1. 3.7500000000000000e-01</leafValues></_></weakClassifiers></_>
    <!-- stage 13 -->
    <_>
      <maxWeakCount>2</maxWeakCount>
      <stageThreshold>1.0135567933320999e-01</stageThreshold>
      <weakClassifiers>
        <_>
          <internalNodes>
            0 -1 32 2.2623516619205475e-02</internalNodes>
          <leafValues>
            -7.1428573131561279e-01 1.</leafValues></_>
        <_>
          <internalNodes>
            0 -1 7 -5.4278569296002388e-03</internalNodes>
          <leafValues>
            8.1564140319824219e-01 -8.1410145759582520e-01</leafValues></_></weakClassifiers></_>
    <!-- stage 14 -->
    <_>
      <maxWeakCount>2</maxWeakCount>
      <stageThreshold>-3.8948750495910645e-01</stageThreshold>
      <weakClassifiers>
        <_>
          <internalNodes>
            0 -1 4 2.1351657778723165e-05</internalNodes>
          <leafValues>
            -9.0476191043853760e-01 4.2857143282890320e-01</leafValues></_>
        <_>
          <internalNodes>
            0 -1 25 5.3575896890833974e-04</internalNodes>
          <leafValues>
            7.2711116075515747e-01 -8.1805890798568726e-01</leafValues></_></weakClassifiers></_>
    <!-- stage 15 -->
    <_>
      <maxWeakCount>2</maxWeakCount>
      <stageThreshold>-2.9899841547012329e-01</stageThreshold>
      <weakClassifiers>
        <_>
          <internalNodes>
            0 -1 3 2.5378630962222815e-03</internalNodes>
          <leafValues>
            5.3846156597137451e-01 -9.0909093618392944e-01</leafValues></_>
        <_>
          <internalNodes>
            0 -1 10 2.4176891893148422e-03</internalNodes>
          <leafValues>
            6.1009246110916138e-01 -1.</leafValues></_></weakClassifiers></_>
    <!-- stage 16 -->
    <_>
      <maxWeakCount>2</maxWeakCount>
      <stageThreshold>-2.9421347379684448e-01</stageThreshold>
      <weakClassifiers>
        <_>
          <internalNodes>
            0 -1 6 -1.0738268028944731e-03</internalNodes>
          <leafValues>
            -8.2608693838119507e-01 5.0000000000000000e-01</leafValues></_>
        <_>
          <internalNodes>
            0 -1 18 1.0369520168751478e-03</internalNodes>
          <leafValues>
            5.3187352418899536e-01 -1.</leafValues></_></weakClassifiers></_>
    <!-- stage 17 -->
    <_>
      <maxWeakCount>1</maxWeakCount>
      <stageThreshold>4.6666666865348816e-01</stageThreshold>
      <weakClassifiers>
        <_>
          <internalNodes>
            0 -1 31 2.2454303689301014e-03</internalNodes>
          <leafValues>
            4.6666666865348816e-01 -1.</leafValues></_></weakClassifiers></_>
    <!-- stage 18 -->
    <_>
      <maxWeakCount>2</maxWeakCount>
      <stageThreshold>2.5226341560482979e-02</stageThreshold>
      <weakClassifiers>
        <_>
          <internalNodes>
            0 -1 19 -1.2346135918051004e-04</internalNodes>
          <leafValues>
            -9.1666668653488159e-01 8.1818181276321411e-01</leafValues></_>
        <_>
          <internalNodes>
            0 -1 8 -2.6627473998814821e-03</internalNodes>
          <leafValues>
            1. -7.9295545816421509e-01</leafValues></_></weakClassifiers></_>
    <!-- stage 19 -->
    <_>
      <maxWeakCount>1</maxWeakCount>
      <stageThreshold>3.7500000000000000e-01</stageThreshold>
      <weakClassifiers>
        <_>
          <internalNodes>
            0 -1 16 -9.8406558390706778e-04</internalNodes>
          <leafValues>
            3.7500000000000000e-01 -1.</leafValues></_></weakClassifiers></_></stages>
  <features>
    <_>
      <rects>
        <_>
          0 0 18 20 -1.</_>
        <_>
          6 0 6 20 3.</_></rects>
      <tilted>0</tilted></_>
    <_>
      <rects>
        <_>
          0 1 18 21 -1.</_>
        <_>
          6 1 6 21 3.</_></rects>
      <tilted>0</tilted></_>
    <_>
      <rects>
        <_>
          0 13 2 4 -1.</_>
        <_>
          1 13 1 4 2.</_></rects>
      <tilted>0</tilted></_>
    <_>
      <rects>
        <_>
          0 21 14 1 -1.</_>
        <_>
          7 21 7 1 2.</_></rects>
      <tilted>0</tilted></_>
    <_>
      <rects>
        <_>
          1 6 3 11 -1.</_>
        <_>
          2 6 1 11 3.</_></rects>
      <tilted>0</tilted></_>
    <_>
      <rects>
        <_>
          1 6 10 14 -1.</_>
        <_>
          1 6 5 7 2.</_>
        <_>
          6 13 5 7 2.</_></rects>
      <tilted>0</tilted></_>
    <_>
      <rects>
        <_>
          1 7 9 2 -1.</_>
        <_>
          1 8 9 1 2.</_></rects>
      <tilted>0</tilted></_>
    <_>
      <rects>
        <_>
          1 7 16 4 -1.</_>
        <_>
          1 9 16 2 2.</_></rects>
      <tilted>0</tilted></_>
    <_>
      <rects>
        <_>
          1 11 14 2 -1.</_>
        <_>
          1 12 14 1 2.</_></rects>
      <tilted>0</tilted></_>
    <_>
      <rects>
        <_>
          1 20 4 4 -1.</_>
        <_>
          1 22 4 2 2.</_></rects>
      <tilted>0</tilted></_>
    <_>
      <rects>
        <_>
          1 22 18 2 -1.</_>
        <_>
          7 22 6 2 3.</_></rects>
      <tilted>0</tilted></_>
    <_>
      <rects>
        <_>
          2 6 2 6 -1.</_>
        <_>
          2 6 1 3 2.</_>
        <_>
          3 9 1 3 2.</_></rects>
      <tilted>0</tilted></_>
    <_>
      <rects>
        <_>
          2 18 9 6 -1.</_>
        <_>
          2 20 9 2 3.</_></rects>
      <tilted>0</tilted></_>
    <_>
      <rects>
        <_>
          3 2 6 1 -1.</_>
        <_>
          6 2 3 1 2.</_></rects>
      <tilted>0</tilted></_>
    <_>
      <rects>
        <_>
          4 2 10 4 -1.</_>
        <_>
          4 2 5 2 2.</_>
        <_>
          9 4 5 2 2.</_></rects>
      <tilted>0</tilted></_>
    <_>
      <rects>
        <_>
          5 12 3 10 -1.</_>
        <_>
          5 17 3 5 2.</_></rects>
      <tilted>0</tilted></_>
    <_>
      <rects>
        <_>
          6 6 3 18 -1.</_>
        <_>
          7 6 1 18 3.</_></rects>
      <tilted>0</tilted></_>
    <_>
      <rects>
        <_>
          6 14 2 6 -1.</_>
        <_>
          6 17 2 3 2.</_></rects>
      <tilted>0</tilted></_>
    <_>
      <rects>
        <_>
          7 1 6 1 -1.</_>
        <_>
          9 1 2 1 3.</_></rects>
      <tilted>0</tilted></_>
    <_>
      <rects>
        <_>
          7 7 4 9 -1.</_>
        <_>
          7 10 4 3 3.</_></rects>
      <tilted>0</tilted></_>
    <_>
      <rects>
        <_>
          7 9 2 1 -1.</_>
        <_>
          8 9 1 1 2.</_></rects>
      <tilted>0</tilted></_>
    <_>
      <rects>
        <_>
          7 9 12 2 -1.</_>
        <_>
          13 9 6 2 2.</_></rects>
      <tilted>0</tilted></_>
    <_>
      <rects>
        <_>
          7 20 3 4 -1.</_>
        <_>
          8 20 1 4 3.</_></rects>
      <tilted>0</tilted></_>
    <_>
      <rects>
        <_>
          8 0 4 18 -1.</_>
        <_>
          8 0 2 9 2.</_>
        <_>
          10 9 2 9 2.</_></rects>
      <tilted>0</tilted></_>
    <_>
      <rects>
        <_>
          8 6 6 12 -1.</_>
        <_>
          10 6 2 12 3.</_></rects>
      <tilted>0</tilted></_>
    <_>
      <rects>
        <_>
          9 8 6 1 -1.</_>
        <_>
          12 8 3 1 2.</_></rects>
      <tilted>0</tilted></_>
    <_>
      <rects>
        <_>
          10 6 8 11 -1.</_>
        <_>
          14 6 4 11 2.</_></rects>
      <tilted>0</tilted></_>
    <_>
      <rects>
        <_>
          11 13 1 3 -1.</_>
        <_>
          11 14 1 1 3.</_></rects>
      <tilted>0</tilted></_>
    <_>
      <rects>
        <_>
          14 3 2 2 -1.</_>
        <_>
          14 3 1 1 2.</_>
        <_>
          15 4 1 1 2.</_></rects>
      <tilted>0</tilted></_>
    <_>
      <rects>
        <_>
          14 17 1 2 -1.</_>
        <_>
          14 18 1 1 2.</_></rects>
      <tilted>0</tilted></_>
    <_>
      <rects>
        <_>
          15 2 9 16 -1.</_>
        <_>
          18 2 3 16 3.</_></rects>
      <tilted>0</tilted></_>
    <_>
      <rects>
        <_>
          15 5 6 3 -1.</_>
        <_>
          15 6 6 1 3.</_></rects>
      <tilted>0</tilted></_>
    <_>
      <rects>
        <_>
          16 5 4 16 -1.</_>
        <_>
          16 5 2 8 2.</_>
        <_>
          18 13 2 8 2.</_></rects>
      <tilted>0</tilted></_>
    <_>
      <rects>
        <_>
          16 15 3 6 -1.</_>
        <_>
          16 17 3 2 3.</_></rects>
      <tilted>0</tilted></_>
    <_>
      <rects>
        <_>
          18 9 2 1 -1.</_>
        <_>
          19 9 1 1 2.</_></rects>
      <tilted>0</tilted></_></features></cascade>
</opencv_storage>
